หน้า PDF,หน้าพิมพ์,ตัวเลขเดิม,ทศนิยมเดิม,หน่วย(ตรวจ),ถ้าวางจุด4จากขวา,ยืนยัน(ผู้ตรวจ),บริบท(OCR)
8,2,"19,882.4",1,ไม่ทราบหน่วย,,,"19,882.4   20,618.0 (eu รา"
8,2,"20,618.0",1,ไม่ทราบหน่วย,,,"882.4   20,618.0 (eu ราคาประจําปี"
8,2,1.5,1,ไม่ทราบหน่วย,,,
8,2,2.5,1,ไม่ทราบหน่วย,,,
8,2,1.7,1,ไม่ทราบหน่วย,,,
8,2,2.7,1,ไม่ทราบหน่วย,,,
8,2,2.0,1,ไม่ทราบหน่วย,,,
8,2,3.0,1,ไม่ทราบหน่วย,,,
8,2,2.3,1,ไม่ทราบหน่วย,,,
8,2,3.3,1,ไม่ทราบหน่วย,,,
8,2,0.5,1,ไม่ทราบหน่วย,,,
8,2,1.5,1,ไม่ทราบหน่วย,,,
8,2,1.0,1,ไม่ทราบหน่วย,,,
8,2,2.0,1,ไม่ทราบหน่วย,,,
9,3,3.0,1,ไม่ทราบหน่วย,,,
9,3,"788,000",0,ล้านบาท,78.8000,,"บ.  uA} 788,000 au งบประมาณ ผู| |"
9,3,"3,788,000",0,ล้านบาท,378.8000,,"2570 | 3,788,000 ลบ. รอยล 8"
9,3,4.4,1,ไม่ทราบหน่วย,,,4.4
9,3,3.9,1,ไม่ทราบหน่วย,,,ล / GDP 3.9 4
9,3,3.3,1,ไม่ทราบหน่วย,,,|   3.3 | x        | 2.7
9,3,2.7,1,ไม่ทราบหน่วย,,,| 2.7 | 8
9,3,2.1,1,ไม่ทราบหน่วย,,,2.1 2 1  ปิีงบประมาณ
9,3,"3,000,000",0,ล้านบาท,300.0000,,"าลสุทธิ 3,000,000 ลบ.  uA} 788,000"
10,4,"584,300",0,ล้านบาท,58.4300,,"ดเก็บ 3,584,300 au.  หักลด 584,30"
10,4,"3,788,000",0,ล้านบาท,378.8000,,"G 2570  3,788,000 au.  ที่มา : กระท"
10,4,"3,584,300",0,ล้านบาท,358.4300,,"จัดเก็บ 3,584,300 au.  หักลด 584,30"
10,4,"788,000",0,ล้านบาท,78.8000,,"2570  3,788,000 au.  ที่มา : กระท"
10,4,"3,000,000",0,ล้านบาท,300.0000,,"ินกู้ , 3,000,000 au.  SINUS:N1@UNI"
10,4,"2,517,700",0,ล้านบาท,251.7700,,"การอื่น 2,517,700 au. 611,220 ลบ. 1"
10,4,"611,220",0,ล้านบาท,61.1220,,"700 au. 611,220 ลบ. 116,000 ลบ. 1"
10,4,"116,000",0,ล้านบาท,11.6000,,"220 ลบ. 116,000 ลบ. 183,500 ลบ. 1"
10,4,"183,500",0,ล้านบาท,18.3500,,"000 ลบ. 183,500 ลบ. 155,880 au."
10,4,"155,880",0,ล้านบาท,15.5880,,"500 ลบ. 155,880 au.  REVENUE รายไ"
11,5,"310,950.3",1,ล้านบาท,310.9503,,"310,950.3 ล้านบาท  ง ป | (4"
11,5,8.2,1,ร้อยละ/สัดส่วน,,,(8.2% ของงบประมาณ)  Ff
11,5,"12,868,850.9",1,ล้านบาท,"12,868.8509",,"2569 ก  12,868,850.9 ล้านบาท 66.8% ของ"
11,5,66.8,1,ร้อยละ/สัดส่วน,,,ล้านบาท 66.8% ของ GDP  (กรอบวิ
11,5,"462,470.3",1,ล้านบาท,462.4703,,"ปี 2570 462,470.3 ล้านบาท  omนม แนน"
11,5,"151,520",0,ล้านบาท,15.1520,,"รมเนียม 151,520 ล้านบาท"
11,5,"341,018.2",1,ล้านบาท,341.0182,,"69      341,018.2 ล้านบาท  ที่มา: 1"
12,6,"2,857,405.2",1,ล้านบาท,"2,857.4052",,") ก | 2,857,405.2 ล้านบาท /  J"
12,6,"151,520",0,ไม่ทราบหน่วย,,,
12,6,"71,038.1",1,ล้านบาท,71.0381,,"นคงคลัง 71,038.1 ล้านบาท 2. รายจ่า"
12,6,"10,096.7",1,ล้านบาท,10.0967,,"จํานวน 10,096.7 ล้านบาท"
12,6,"3,788,000",0,ล้านบาท,378.8000,,"บประมาณ 3,788,000 ลส้านบาท  ๕รรพ SS"
12,6,"789,171.5",1,ล้านบาท,789.1715,,"1  789,171.5 ล้านบาท .”  (เซีช"
13,7,"3,788,000.0",1,ล้านบาท,"3,788.0000",,"บประมาณ 3,788,000.0 ล้านบาท  ane  il"
13,7,3.6,1,ร้อยละ/สัดส่วน,,,้านบาท (3.6%)
13,7,"137,507.8",1,ล้านบาท,137.5078,,"ภาครัช  137,507.8 ล้านบาท"
13,7,17.9,1,ร้อยละ/สัดส่วน,,,(17.9%)  รายการค่าดําเน
13,7,"676,320.2",1,ล้านบาท,676.3202,,"676,320.2 ล้านบาท (3.6%)"
13,7,16.1,1,ร้อยละ/สัดส่วน,,,้านบาท (16.1%
13,7,"611,194.5",1,ล้านบาท,611.1945,,"งสังคม  611,194.5 ล้านบาท"
13,7,25.4,1,ร้อยละ/สัดส่วน,,,(25.4%)  การสร้างการเติ
13,7,"960,916.6",1,ล้านบาท,960.9166,,"960,916.6 ล้านบาท (16.1%"
13,7,"407,165.1",1,ไม่ทราบหน่วย,,,
13,7,10.7,1,ไม่ทราบหน่วย,,,
13,7,9.2,1,ร้อยละ/สัดส่วน,,,"(9.2%)  vt,  .  การพัฒ"
13,7,"348,427.4",1,ไม่ทราบหน่วย,,,
13,7,17.1,1,ร้อยละ/สัดส่วน,,,านบาท  (17.1%)  BUDGET BUREAU
13,7,"646,468.4",1,ล้านบาท,646.4684,,"าครัฐช  646,468.4 ล้านบาท  (17.1%)"
14,8,"230,941",0,ไม่ทราบหน่วย,,,"aso รวม 230,941 เมตร เพื่อลดความเ"
14,8,7.48,2,จำนวน (ล้านหน่วย),,,- 29 ปี 7.48 ล้านราย และผู้ต้อ
14,8,"210,000",0,ไม่ทราบหน่วย,,,"รือนจํา 210,000 sig ได้รับการสร้า"
14,8,"34,334",0,ไม่ทราบหน่วย,,,"าเสพติด 34,334 aso"
14,8,"10,000",0,ไม่ทราบหน่วย,,,"ือนจํา 210,000 sig ได้รับการสร้า"
14,8,"192,870",0,จำนวน (นับ),,,"าเสพติด 192,870 ราย  ได้รับการบํา"
14,8,"35,800",0,จำนวน (นับ),,,"ป้าหมาย 35,800 ราย ได้รับการบําบ"
14,8,"1,478",0,ไม่ทราบหน่วย,,,"(จชต.) 1,478 หมู่บ้าน ได้รับคว"
14,8,"8,617",0,จำนวน (นับ),,,"อนยากจน 8,617 ครัวเรือน ได้รับก"
14,8,"1,293",0,จำนวน (นับ),,,"ป้าหมาย 1,293 ครัวเรือน มีรายได"
14,8,"48,000",0,ไม่ทราบหน่วย,,,"ประชาชน 48,000 sig ได้รับการส่งเ"
14,8,"750,000",0,ไม่ทราบหน่วย,,,"้อยกว่า 750,000 ครัง ช่วยเหลือผู้"
14,8,"60,500",0,ไม่ทราบหน่วย,,,"ทางทะเล 60,500 aso รวม 230,941 เ"
15,9,"81,046",0,ไม่ทราบหน่วย,,,"แผ่นดิน 81,046 คม. ทางหลวงชนบท 5"
15,9,"52,349",0,จำนวน (นับ),,,"ลวงชนบท 52,349 กม. ปรับปรุงสะพาน"
15,9,"47,600",0,ไม่ทราบหน่วย,,,"ฟฟ้ารวม 47,600 ค้น  การท่องเที่ย"
15,9,"233,500",0,จำนวน (นับ),,,"แปลง / 233,500 ไร่  เกษตรกรได้รั"
15,9,"72,970",0,ไม่ทราบหน่วย,,,"ri-Map) 72,970 Is  ประชาชนได้บริ"
15,9,"51,123",0,จำนวน (นับ),,,"ศุสัตว์ 51,123 แห่ง และตรวจสอบ ร"
15,9,"14,000",0,จำนวน (นับ),,,"ารประมง 14,000 แห่ง  เพัฒนาอุตสา"
15,9,"30,000",0,ไม่ทราบหน่วย,,,"้อยกว่า 30,000 sig และมีช่องทางก"
15,9,"26,000",0,ไม่ทราบหน่วย,,,"้อยกว่า 26,000 sig  เขตเศรษฐกิจพ"
16,10,"5,168",0,จำนวน (นับ),,,"าพตําบล 5,168 แห่ง  อาสาพยาบาลช"
16,10,"7,256",0,จำนวน (นับ),,,"(อสพ.) 7,256 คน และ อสม. 1.08"
16,10,1.08,2,จำนวน (ล้านหน่วย),,,ละ อสม. 1.08 ล้านคน ๑ พพัฒนาระ
16,10,"4,800",0,ไม่ทราบหน่วย,,,"้อยกว่า 4,800 ทีม  เพื่อให้ประช"
16,10,"1,400",0,ไม่ทราบหน่วย,,,"้อยกว่า 1,400 หมู่บ้าน ได้รับกา"
16,10,"10,200",0,จำนวน (นับ),,,"้อยกว่า 10,200 คน 10 แห่ง /ชุมชน"
16,10,"125,785",0,จำนวน (นับ),,,"้อยกว่า 125,785 คน ได้รับการพัฒนา"
16,10,"156,000",0,จำนวน (นับ),,,"้อยกว่า 156,000 คน ได้รับการส่งเส"
16,10,"16,681",0,จำนวน (นับ),,,"้อยกว่า 16,681 คน            ไม่"
16,10,"30,406",0,จำนวน (นับ),,,"้อยกว่า 30,406 คน            ไม่"
16,10,"16,020",0,จำนวน (นับ),,,"้อยกว่า 16,020 คน  พัฒนาศักยภาพค"
16,10,"8,000",0,จำนวน (นับ),,,"้อยกว่า 8,000 คน         -ณ q ¢"
16,10,"38,833",0,จำนวน (นับ),,,"้อยกว่า 38,833 คน ได้รับการส่งเส"
16,10,"71,480",0,ไม่ทราบหน่วย,,,
16,10,"250,000",0,จำนวน (นับ),,,"้อยกว่า 250,000 คน สามารถเข้าถึงแ"
17,11,"17,250",0,ไม่ทราบหน่วย,,,"้อยกว่า 17,250 แปลง  เพิ่มช่องทา"
17,11,10.20,2,จำนวน (ล้านหน่วย),,,้อยกว่า 10.20 ล้านคน ได้รับการศ
17,11,1.45,2,จำนวน (ล้านหน่วย),,,ารศึกษา 1.45 ล้านคน ได้รับทุนก
17,11,"13,540",0,จำนวน (นับ),,,"้อยกว่า 13,540 คน/กลุ่ม ได้รับกา"
17,11,"4,880",0,ไม่ทราบหน่วย,,,"้อยกว่า 4,880 ผลิตภัณฑ์  เพื่อย"
17,11,2.53,2,จำนวน (ล้านหน่วย),,,0- 6 U) 2.53 ล้านคน ได้รับเงิน
17,11,2.47,2,จำนวน (ล้านหน่วย),,,ู้พิการ 2.47 ล้านคน ได้รับเบี้
17,11,"1,000",0,บาท (ต่อหน่วย),,,"ะ 800 - 1,000 บาท เพื่อแบ่งเบาภ"
17,11,13.47,2,จำนวน (ล้านหน่วย),,,สูงอายุ 13.47 ล้านคน ได้รับเบี้
17,11,"1,000",0,บาท (ต่อหน่วย),,,"ะ 800 - 1,000 บาท เพื่อแบ่งเบาภ"
17,11,10.14,2,จำนวน (ล้านหน่วย),,,แห่งรัฐ 10.14 ล้านคน  ได้รับเงิ
17,11,47.17,2,จำนวน (ล้านหน่วย),,,้วนหน้า 47.17 ล้านคน  แวง  สิทธ
17,11,"4,175.99",2,บาท (ต่อหน่วย),,,"ยหัวจาก 4,175.99 บาท/ราย ! ๑ เจ็บป"
17,11,"4,669.74",2,บาท (ต่อหน่วย),,,"ตุ เป็น 4,669.74 บาท/ราย"
17,11,4.97,2,จำนวน (ล้านหน่วย),,,งภาครัช 4.97 ล้านคน  ๑ พัฒนากา
17,11,65.92,2,จำนวน (ล้านหน่วย),,,ประชาชน 65.92 ล้านคน ได้รับบริก
17,11,13.78,2,จำนวน (ล้านหน่วย),,,คองทุนข 13.78 ล้านคน  สิทธิประโ
18,12,"148,929",0,จำนวน (นับ),,,"คลนน้า  148,929 ครัวเรือน เข้าถึง"
18,12,9.44,2,ไม่ทราบหน่วย,,,บประปา  9.44 ล้านลูกบาศก์เมตร
18,12,"33,444",0,จำนวน (นับ),,,"ลอดภัย  33,444 ไร่ เพื่อรักษาดิน"
18,12,"23,500",0,จำนวน (นับ),,,"่อมโทรม 23,500 ไร่ เพื่อคืนความส"
18,12,"240,901",0,จำนวน (นับ),,,"ประชาชน 240,901 ครัวเรือน และพื้น"
18,12,"307,160",0,ไม่ทราบหน่วย,,,"พื้นที่ 307,160 Is  ได้รับการป้อง"
18,12,"120,000",0,จำนวน (นับ),,,"ประชาชน 120,000 ครัวเรือน เฟื่อลด"
18,12,"77,889",0,จำนวน (นับ),,,"ประชาชน 77,889 ครัวเรือน เข้าถึง"
18,12,"277,698",0,จำนวน (นับ),,,"ลประทาน 277,698 ไร่  ๑ บรรเทาภัยแ"
18,12,"1,620",0,ไม่ทราบหน่วย,,,"ากขึ้น  1,620 ล้านลูกบาศก์เมตร"
18,12,"110,000",0,จำนวน (นับ),,,"แวดล้อม 110,000 ราย ให้มีความรู้แ"
18,12,"200,000",0,จำนวน (นับ),,,"ดการเผา 200,000 ไร่  เพื่อลดฝุ่นล"
18,12,2.5,1,จำนวน (นับ),,,ะออง PM 2.5  สร้างชุมชนคาร์บอ
18,12,1.40,2,ไม่ทราบหน่วย,,,มาตรชาน 1.40 ล้านต้น เฟพื่อควา
18,12,2.32,2,จำนวน (ล้านหน่วย),,,ประชาชน 2.32 ล้านราย เพื่อขับเ
19,13,"6,592",0,จำนวน (นับ),,,"ัด aun. 6,592 แห่ง ได้รับการปลู"
19,13,"23,497",0,ไม่ทราบหน่วย,,,"หนี้สิน 23,497 บัญชี  ได้รับการต"
19,13,13.65,2,จำนวน (ล้านหน่วย),,,้บริการ 13.65 ล้านราย  ต่อต้านก
19,13,"170,000",0,จำนวน (นับ),,,"้อยกว่า 170,000 ราย ได้รับบริการ"
19,13,"760,000",0,จำนวน (นับ),,,"้อยกว่า 760,000 ราย ได้รับความรู้"
20,14,"154,176.8",1,ล้านบาท,154.1768,,"154,176.8 2 | การต่างประเทศ"
20,14,"4,604.9",1,ล้านบาท,4.6049,,"4,604.9  ยุทธศาสตร์ด้านกา"
20,14,"21,532.6",1,ล้านบาท,21.5326,,"21,532.6 4 | อุตสาหกรรมและ"
20,14,"4,605.0",1,ล้านบาท,4.6050,,"4,605.0 5 | คารท่องเที่ยว"
20,14,"7,864.3",1,ล้านบาท,7.8643,,"7,864.3 6 | พื้นที่และเมื"
20,14,"10,836.6",1,ล้านบาท,10.8366,,"10,836.6 7 | โครงสร้างพื้น"
20,14,"204,319.4",1,ล้านบาท,204.3194,,"204,319.4 8 | ผู้ประกอบการแ"
20,14,"3,537.3",1,ล้านบาท,3.5373,,"3,537.3 9 | เขตเศรษฐกิจพิ"
20,14,"2,036.2",1,ล้านบาท,2.0362,,"2,036.2 10 | การวิจัยและพ"
20,14,"13,513.0",1,ล้านบาท,13.5130,,"13,513.0  ยุทธศาสตร์ด้านกา"
20,14,"3,499.9",1,ล้านบาท,3.4999,,"3,499.9 12 | การพัฒนาศักย"
20,14,"34,540.7",1,ล้านบาท,34.5407,,"34,540.7 13 | การพัฒนาการเ"
20,14,"30,262.3",1,ล้านบาท,30.2623,,"30,262.3 14 | การเสริมสร้า"
20,14,"68,556.7",1,ล้านบาท,68.5567,,"68,556.7 15 | ศักยภาพการกี"
20,14,"3,413.7",1,ล้านบาท,3.4137,,"3,413.7  BUDGET BUREAU"
20,14,"1,681,011.7",1,ล้านบาท,"1,681.0117",,"ร์ชาติ  1,681,011.7 ล้านบาท  แผนแม่บท"
21,15,"403,463.9",1,ล้านบาท,403.4639,,"403,463.9 17 | เศรษฐกิจชานร"
21,15,"3,522.1",1,ล้านบาท,3.5221,,"3,522.1 18 | ความเสมอภาคแ"
21,15,"543,087.4",1,ล้านบาท,543.0874,,"543,087.4  ยุทธศาสตร์ด้านกา"
21,15,"12,260.4",1,ล้านบาท,12.2604,,"12,260.4  20 | การบริหารจั"
21,15,"96,486.3",1,ล้านบาท,96.4863,,"96,486.3  ยุทธศาสตร์ด้านกา"
21,15,761.7,1,ล้านบาท,0.7617,,761.7 23 | กฎหมายและคระ
21,15,"15,756.6",1,ล้านบาท,15.7566,,"15,756.6  BUDGET BUREAU"
21,15,"38,373.9",1,ล้านบาท,38.3739,,"38,373.9 22 | การต่อต้านกา"
22,16,"1,595,714.7",1,ล้านบาท,"1,595.7147",,"บที 13  1,595,714.7 ล้านบาท  หมุดหมาย"
22,16,"203,409.6",1,ล้านบาท,203.4096,,"2,346.7 203,409.6 1,830.2 4,213.8 1"
22,16,"69,078.7",1,ล้านบาท,69.0787,,"านบาท)  69,078.7 11,595.8  4,061.3"
22,16,"11,595.8",1,ล้านบาท,11.5958,,"9,078.7 11,595.8  4,061.3 182,346."
22,16,"4,061.3",1,ล้านบาท,4.0613,,",595.8  4,061.3 182,346.7 203,409"
22,16,"182,346.7",1,ล้านบาท,182.3467,,"4,061.3 182,346.7 203,409.6 1,830.2"
22,16,"1,830.2",1,ล้านบาท,1.8302,,"3,409.6 1,830.2 4,213.8 107,918.7"
22,16,"4,213.8",1,ล้านบาท,4.2138,,"1,830.2 4,213.8 107,918.7  944,14"
22,16,"107,918.7",1,ล้านบาท,107.9187,,"4,213.8 107,918.7  944,145.1  15,82"
22,16,"544,145.1",1,ล้านบาท,544.1451,,
22,16,"15,828.9",1,ล้านบาท,15.8289,,",145.1  15,828.9  29,724.1  307,47"
22,16,"29,724.1",1,ล้านบาท,29.7241,,",828.9  29,724.1  307,475.3  114,0"
22,16,"307,475.3",1,ล้านบาท,307.4753,,",724.1  307,475.3  114,086.5  BUDGE"
22,16,"114,086.5",1,ล้านบาท,114.0865,,",475.3  114,086.5  BUDGET BUREAU"
23,17,"1,503,088.8",1,ล้านบาท,"1,503.0888",,"ล       1,503,088.8 aun  ด้านเศรษฐกิจ"
23,17,"436,287.9",1,ล้านบาท,436.2879,,"436,287.9 ล้านบาท  ด้านการต"
23,17,"162,951.5",1,ล้านบาท,162.9515,,"162,951.5 ล้านบาท  ด้านสังค"
23,17,"698,046.9",1,ล้านบาท,698.0469,,"านสังคม 698,046.9 ล้านบาท  ด้านภัยพ"
23,17,"170,390.6",1,ล้านบาท,170.3906,,"แวดล้อม 170,390.6 ล้านบาท  4  ด้านก"
23,17,"35,411.9",1,ล้านบาท,35.4119,,"าย  Sia 35,411.9 ล้านบาท  หมายเหตุ"
24,18,"4,825.3",1,ไม่ทราบหน่วย,,,
24,18,"219,902.2",1,ล้านบาท,219.9022,,"219,902.2 ลบ. ปรับโครงสร้าง"
24,18,"185,939.3",1,ล้านบาท,185.9393,,"185,939.3 au. ด้านการค้า “เ"
24,18,"11,264.1",1,ล้านบาท,11.2641,,"11,264.1 au.  ค้านการต่างป"
24,18,"14,357.0",1,ล้านบาท,14.3570,,"14,357.0 ลบ.  ด้านการท่องเ"
24,18,"436,287.9",1,ล้านบาท,436.2879,,"436,287.9 au.  สร้างโอกาสกา"
24,18,"121,123.8",1,ล้านบาท,121.1238,,"121,123.8 ลบ.  พัฒนาระบบการ"
24,18,"1,117.6",1,ล้านบาท,1.1176,,"1,117.6 au.  เสริมสร้างเส"
24,18,745.0,1,ล้านบาท,0.7450,,745.0 ลบ.  ส่งเสริมความ
24,18,"19,845.2",1,ล้านบาท,19.8452,,"19,845.2 ลบ.  สร้างความมั่"
24,18,694.5,1,ล้านบาท,0.6945,,694.5 ลบ.  ขับเคลือนการ
24,18,"2,114.5",1,ล้านบาท,2.1145,,"2,114.5 au.  BUDGET BUREA"
24,18,"162,951.5",1,ล้านบาท,162.9515,,"มมั่นคง 162,951.5 ลบ.  เร่งเสริมสร้"
24,18,"17,310.9",1,ล้านบาท,17.3109,,"17,310.9 ลบ.  พัฒนาระบบทหา"
25,19,"698,046.9",1,ล้านบาท,698.0469,,"698,046.9 ลบ.  เรียนฟรีมีจร"
25,19,"214,931.7",1,ล้านบาท,214.9317,,"214,931.7 ลบ. พัฒนาระบบประก"
25,19,"478,174.8",1,ล้านบาท,478.1748,,"478,174.8 ลบ.  สร้างเสริมสถ"
25,19,"4,940.4",1,ล้านบาท,4.9404,,"4,940.4 au.  ด้านภัยพิบัต"
25,19,"170,390.6",1,ล้านบาท,170.3906,,"170,390.6 ลบ. บริหารจัดการน"
25,19,"35,411.9",1,ล้านบาท,35.4119,,"35,411.9 ลบ.  ราชการทันใจ"
25,19,"115,694.0",1,ล้านบาท,115.6940,,"115,694.0 au. พัฒนาระบบประก"
25,19,"4,800.0",1,ล้านบาท,4.8000,,"4,800.0 au. ผลักด้นให้ประ"
25,19,"44,492.1",1,ล้านบาท,44.4921,,"44,492.1 au. การอนุรักษ์แล"
25,19,"5,404.5",1,ล้านบาท,5.4045,,"5,404.5 ลบ.  ด้านการบริหา"
25,19,"25,537.2",1,ล้านบาท,25.5372,,"25,537.2 au.  การปฏิรูประบ"
25,19,"7,732.0",1,ล้านบาท,7.7320,,"7,732.0 au.  การพัฒนากฎหม"
25,19,"1,247.0",1,ล้านบาท,1.2470,,"1,247.0 ลบ. 895.7 ลบ.  แก"
25,19,895.7,1,ล้านบาท,0.8957,,7.0 ลบ. 895.7 ลบ.  แก้ปัญหาคอร์
28,22,"5,500",0,จำนวน (นับ),,,"จํานวน 5,500 คน              ง"
28,22,"2,096",0,จำนวน (นับ),,,"จํานวน 2,096 คน"
28,22,28.6,1,ล้านบาท,0.0286,,บประมาณ 28.6 ล้านบาท
28,22,"2,000",0,บาท (ต่อหน่วย),,,"ไม่เกิน 2,000 บาท  สําหรับครอบค"
28,22,"1,000",0,บาท (ต่อหน่วย),,,"ไม่เกิน 1,000 บาท หรือเป็นสิ่งข"
28,22,"1,000",0,บาท (ต่อหน่วย),,,"ไม่เกิน 1,000 บาท หรือเป็นสิ่งข"
28,22,"2,000",0,บาท (ต่อหน่วย),,,"ไม่เกิน 2,000 บาท  สําหรับครอบค"
28,22,"3,000",0,บาท (ต่อหน่วย),,,"ไม่เกิน 3,000 บาท สําหรับครอบคร"
28,22,"100,000",0,บาท (ต่อหน่วย),,,"ไม่เกิน 100,000 บาทต่อปี ได้รับเง"
28,22,2.53,2,ไม่ทราบหน่วย,,,
28,22,"15,810.1",1,ล้านบาท,15.8101,,"บประมาณ 15,810.1 ล้านบาท  เด็กขาดแ"
28,22,"172,625",0,จำนวน (นับ),,,"จํานวน 172,625 คน           งบปร"
28,22,172.6,1,ล้านบาท,0.1726,,บประมาณ 172.6 ล้านบาท  =  -  เง
29,23,"16,681",0,จำนวน (นับ),,,"อยกคว่า 16,681 คน @ งบประมาณ 5,3"
29,23,"5,325.8",1,ล้านบาท,5.3258,,"บประมาณ 5,325.8 ล้านบาท เริดสก“ “"
29,23,"30,406",0,จำนวน (นับ),,,"้อยกว่า 30,406 คน งบประมาณ 1,409"
29,23,"1,409.3",1,ล้านบาท,1.4093,,"บประมาณ 1,409.3 ล้านบาท ‘"
29,23,"16,020",0,ไม่ทราบหน่วย,,,
29,23,709.5,1,ล้านบาท,0.7095,,s:ui1du 709.5 auuain  BUDGET BU
29,23,"61,174",0,จำนวน (นับ),,,"อยกคว่า 61,174 คน      งบประมาณ"
29,23,"7,360.2",1,ล้านบาท,7.3602,,"บประมาณ 7,360.2 ล้านบาท  —  ๒2 4"
29,23,1.45,2,จำนวน (ล้านหน่วย),,,อยกคว่า 1.45 ล้านคน      งบประ
29,23,"7,121.9",1,ล้านบาท,7.1219,,"บประมาณ 7,121.9 ล้านบาท  สนับสนุน"
29,23,5.87,2,ไม่ทราบหน่วย,,,
29,23,"29,128.26",2,ล้านบาท,291.2826,,"บประมาณ 29,128.26 ล้านบาท จงบประมาณ"
29,23,6.08,2,ไม่ทราบหน่วย,,,
29,23,"12,408.0",1,ล้านบาท,12.4080,,"บประมาณ 12,408.0 ล้านบาท  ผู้ขาดแค"
29,23,10.20,2,จำนวน (ล้านหน่วย),,,้อยกว่า 10.20 ล้านคน      งบประ
29,23,"88,615.0",1,ล้านบาท,88.6150,,"บประมาณ 88,615.0 ล้านบาท  ๒๕ ซีนับ"
30,24,13.78,2,ไม่ทราบหน่วย,,,
30,24,"64,987.0",1,ล้านบาท,64.9870,,"บประมาณ 64,987.0 ล้านบาท"
30,24,3.12,2,จำนวน (ล้านหน่วย),,,จํานวน 3.12 ล้านคน
30,24,347.6,1,ล้านบาท,0.3476,,บประมาณ 347.6 ล้านบาท  ม 2 อ ณะ
30,24,8.8,1,ไม่ทราบหน่วย,,,
30,24,1.28,2,จำนวน (ล้านหน่วย),,,จํานวน 1.28 ล้านคน         งจ
30,24,9.10,2,ไม่ทราบหน่วย,,,
30,24,917.3,1,ล้านบาท,0.9173,,บประมาณ 917.3 ล้านบาท  สพ๒9 สมท
30,24,"71,400",0,ล้านบาท,7.1400,,"บประมาณ 71,400 ล้านบาท  กองทุนบํ"
30,24,"1,800",0,บาท (ต่อหน่วย),,,"ไม่เกิน 1,800 บาท/ราย  ทอจทุนทา"
31,25,"8,000",0,จำนวน (นับ),,,"จํานวน 8,000 คน       งบประมาณ"
31,25,53.6,1,บาท (ต่อหน่วย),,,บประมาณ 53.6 ส้านบาท  ค่าใช้จ่
31,25,5.1,1,ล้านบาท,0.0051,,บประมาณ 5.1 ล้านบาท  ค่าใช้จ่
31,25,"4,000",0,ไม่ทราบหน่วย,,,
31,25,10.0,1,ไม่ทราบหน่วย,,,
31,25,"3,000",0,ไม่ทราบหน่วย,,,
31,25,7.1,1,ไม่ทราบหน่วย,,,
31,25,"2,500",0,ไม่ทราบหน่วย,,,
31,25,9.2,1,ไม่ทราบหน่วย,,,
32,26,462.5,1,บาท (ต่อหน่วย),,,บประมาณ 462.5 ส้านบาท  BUDGET B
32,26,"154,182",0,จำนวน (นับ),,,"ป้าหมาย 154,182 คน HH งบประมาณ 46"
32,26,13.47,2,จำนวน (ล้านหน่วย),,,ป้าหมาย 13.47 ล้านคน งบประมาณ 1
32,26,"107,365.59",2,ล้านบาท,"1,073.6559",,"บประมาณ 107,365.59 ล้านบาท  ได้รับเง"
32,26,"1,000",0,บาท (ต่อหน่วย),,,"ุ 600 - 1,000 บาท/เดือน  กลุ่มเ"
32,26,"12,500",0,จำนวน (นับ),,,"ป้าหมาย 12,500 คน ใ จบประมาณ 37."
32,26,"3,000",0,บาท (ต่อหน่วย),,,"ไม่เกิน 3,000 บาท  กลุ่มเป้าหมา"
32,26,37.5,1,ล้านบาท,0.0375,,บประมาณ 37.5 ล้านบาท  เงินอุดห
32,26,"9,000",0,ไม่ทราบหน่วย,,,"จํานวน 9,000 Kav      บประมาณ"
32,26,540.0,1,ล้านบาท,0.5400,,บประมาณ 540.0 ล้านบาท  สนับสนุน
32,26,"60,000",0,บาท (ต่อหน่วย),,,"หลังละ 60,000 บาท  จํานวน 9,000"
32,26,"2,100",0,จำนวน (นับ),,,"ป้าหมาย 2,100 คน งบประมาณ 63.0"
32,26,63.0,1,ล้านบาท,0.0630,,บประมาณ 63.0 ล้านบาท  สนับสนุน
32,26,"30,000",0,บาท (ต่อหน่วย),,,"ไม่เกิน 30,000 บาท  กลุ่มเป้าหมา"
32,26,"3,000",0,บาท (ต่อหน่วย),,,"ไม่เกิน 3,000 บาท  กลุ่มเป้าหมา"
34,28,"436,287.9",1,ล้านบาท,436.2879,,"BUREAU  436,287.9 ล้านบาท  สร้างโอก"
35,29,"55,910",0,จำนวน (นับ),,,"ตํากว่า 55,910 คน ได้รับการพัฒนา"
35,29,2.53,2,จำนวน (ล้านหน่วย),,,- 6 ปี) 2.53 ล้านคน ที่อยู่ในค
35,29,"100,000",0,บาท (ต่อหน่วย),,,"ไม่เกิน 100,000 บาทต่อปี ได้รับเง"
35,29,"219,902.2",1,ล้านบาท,219.9022,,"ป 219,902.2 ล่านบาท  เร่งจัดก"
35,29,2.47,2,จำนวน (ล้านหน่วย),,,ู้พิการ 2.47 ล้านคน ได้รับเบี้
35,29,"1,000",0,บาท (ต่อหน่วย),,,"ะ 600 - 1,000 บาท เื่อแบ่งเบาภา"
35,29,"91,810",0,จำนวน (นับ),,,"้อยกว่า 91,810 คน ได้รับเบี้ยยัง"
35,29,13.47,2,จำนวน (ล้านหน่วย),,,สูงอายุ 13.47 ล้านคน ได้รับเบี้
35,29,"1,000",0,บาท (ต่อหน่วย),,,"ะ 600 - 1,000 บาท เื่อแบ่งเบาภา"
35,29,"1,318",0,จำนวน (นับ),,,"ประชาชน 1,318 ครั้ง เพื่อลดภาระ"
35,29,"3,900",0,จำนวน (นับ),,,"การผลิต 3,900 เครื่อง  ๑ ผู้สูง"
35,29,10.14,2,จำนวน (ล้านหน่วย),,,แห่งรัฐ 10.14 ล้านคน ได้รับเงิน
36,30,"11,378",0,จำนวน (นับ),,,"บการไทย 11,378 ราย ที่เข้าร่วมกิ"
36,30,"4,399",0,ล้านบาท,0.4399,,"้อยกว่า 4,399 au.  ผู้ประกอบการ"
36,30,"7,600",0,ไม่ทราบหน่วย,,,"นาดย่อม 7,600 sig ได้รับการส่งเ"
36,30,"26,000",0,ไม่ทราบหน่วย,,,"ommerce 26,000 sig  พัฒนาศักยภาพ"
36,30,"4,825.3",1,ล้านบาท,4.8253,,"4,825.3 ล้านบาท  สร้างควา"
36,30,"30,000",0,จำนวน (นับ),,,"้อยกว่า 30,000 ราย  ผู้ประกอบการ"
37,31,"185,939.3",1,ล้านบาท,185.9393,,"185,939.3 ล้านบาท  ยกระดับศ"
37,31,"1,200",0,จำนวน (นับ),,,"จํานวน 1,200 บริษัท  BUDGET BU"
38,32,"81,046",0,ไม่ทราบหน่วย,,,"แผ่นดิน 81,046 AU. ทางหลวงชนบท 5"
38,32,"52,349",0,จำนวน (นับ),,,"ลวงชนบท 52,349 AU.  โครงการกองทุ"
38,32,"3,118,747",0,จำนวน (นับ),,,"ชิกสะสม 3,118,747 คน  BUDGET BUREAU"
39,33,"14,357.0",1,ล้านบาท,14.3570,,"น”      14,357.0 ลานบาท  สร้างแรงอ"
39,33,"9,020",0,จำนวน (นับ),,,"เกษตรกร 9,020 ราย ได้รับการส่งเ"
39,33,1.37,2,จำนวน (ล้านหน่วย),,,ารเกษตร 1.37 ล้านไร่ ได้รับการ
39,33,"570,200",0,จำนวน (นับ),,,"ดินอาสา 570,200 ราย ได้รับการส่งเ"
39,33,2.06,2,จำนวน (ล้านหน่วย),,,เกษตรกร 2.06 ล้านราย  ๑ บริหาร
40,34,"51,123",0,จำนวน (นับ),,,"ศุสัตว์ 51,123 แห่ง ได้รับการตรว"
40,34,"14,000",0,จำนวน (นับ),,,"ารประมง 14,000 แห่ง ได้รับการตรว"
41,35,"11,264.1",1,ล้านบาท,11.2641,,"11,264.1 ล้านบาท  พัฒนาให้"
41,35,"139,755",0,จำนวน (นับ),,,"้อยกว่า 139,755 ราย  ' สู่การเติบ"
41,35,"4,320",0,บาท (ต่อหน่วย),,,"้อยกว่า 4,320 จ้านบาท"
41,35,"14,668",0,ไม่ทราบหน่วย,,,"้อยกว่า 14,668 Ig  ส่งเสริมและสน"
43,37,"162,951.5",1,ล้านบาท,162.9515,,"BUREAU  162,951.5 ล้านบาท  เร่งเสริ"
44,38,"1,117.5",1,ล้านบาท,1.1175,,"1,117.5 ล้านบาท  ขับเคลือ"
44,38,"95,000",0,จำนวน (นับ),,,"งานไทย  95,000 คน ไปทํางานต่างปร"
45,39,694.5,1,ล้านบาท,0.6945,,694.5 ล้านบาท  {
45,39,"8,000",0,ไม่ทราบหน่วย,,,"เที่ยว  8,000 นาย เข้าร่วมการฝึ"
46,40,744.9,1,ล้านบาท,0.7449,,”       744.9 ลานบาท  : การขับเ
47,41,"19,845.2",1,ล้านบาท,19.8452,,"อ 19,845.2 ล่านบาท  ปข้องกัน"
47,41,"2,500",0,จำนวน (นับ),,,"ละรังสี 2,500 รายการ wl งัดกิจก"
47,41,"22,200",0,ไม่ทราบหน่วย,,,"กิจกรรม 22,200 sig 6  บุคลากร 50"
47,41,"750,000",0,จำนวน (นับ),,,"้อยกว่า 750,000 ครั้ง  ออกหนังสือ"
47,41,"4,400",0,ไม่ทราบหน่วย,,,"้อยกว่า 4,400 ครัง  ดําเนินการด"
47,41,"7,000",0,ไม่ทราบหน่วย,,,
47,41,"60,500",0,จำนวน (นับ),,,"ทางทะเล 60,500 ครั้ง  ปราบปรามแล"
47,41,"5,500",0,จำนวน (นับ),,,"มเสี่ยง 5,500 แห่ง"
47,41,"82,500",0,จำนวน (นับ),,,"แรงงาน 82,500 ราย ได้รับการคุ้ม"
47,41,"500,000",0,จำนวน (นับ),,,"คนหางาน 500,000 ราย ได้รับความคุ้"
47,41,"54,100",0,จำนวน (นับ),,,"มเสี่ยง 54,100 ราย ได้รับการส่งเ"
47,41,"9,100",0,จำนวน (นับ),,,"รือข่าย 9,100 ราย ได้รับการส่งเ"
47,41,"80,000",0,ไม่ทราบหน่วย,,,"ชาติไทย 80,000 sig  แรงงาน 82,50"
47,41,"5,500",0,จำนวน (นับ),,,"มเสี่ยง 5,500 แห่ง"
48,42,"1,478",0,ไม่ทราบหน่วย,,,"(จชต.) 1,478 หมู่บ้าน  ได้รับค"
48,42,"8,617",0,จำนวน (นับ),,,"อนยากจน 8,617 ครัวเรือน ได้รับก"
48,42,"1,293",0,จำนวน (นับ),,,"ป้าหมาย 1,293 ครัวเรือน มีรายได"
48,42,"48,000",0,ไม่ทราบหน่วย,,,"ประชาชน 48,000 sig ได้รับการส่งเ"
48,42,"4,200",0,จำนวน (นับ),,,"สลิมไทย 4,200 คน ที่อยู่ในประเท"
49,43,"121,123.7",1,ไม่ทราบหน่วย,,,
49,43,"13,200",0,ไม่ทราบหน่วย,,,"ฉพาะทาง 13,200 Ad เพื่อคุ้มครองป"
49,43,"4,158",0,ไม่ทราบหน่วย,,,"้อยกว่า 4,158 คดี เพื่อป้องกัน"
49,43,"100,000",0,จำนวน (นับ),,,"คดีต่อ 100,000 คน เพื่อสร้างความ"
49,43,"1,200",0,จำนวน (นับ),,,"ับ อปท. 1,200 แห่ง และผลักด้นหน"
49,43,"500,000",0,จำนวน (นับ),,,"รอบคลุม 500,000 หน่วยงาน พร้อมพัฒ"
50,44,"192,870",0,จำนวน (นับ),,,"าเสพติด 192,870 ราย ได้รับการบําบ"
50,44,"35,800",0,จำนวน (นับ),,,"ป้าหมาย 35,800 ราย ได้รับการบําบ"
50,44,7.48,2,จำนวน (ล้านหน่วย),,,้อยกว่า 7.48 ล้านราย และผู้ต้อ
50,44,"210,000",0,จำนวน (นับ),,,"รือนจํา 210,000 ราย ได้รับการสร้า"
50,44,"34,334",0,จำนวน (นับ),,,"าเสพติด 34,334 ครั้ง  โดยชุดปฏิบ"
50,44,"10,000",0,จำนวน (นับ),,,"ือนจํา 210,000 ราย ได้รับการสร้า"
51,45,"1,000",0,ไม่ทราบหน่วย,,,"niquet) 1,000 เส้น และเฝือกอ่อน"
51,45,"17,310.9",1,ล้านบาท,17.3109,,"จ กะร1 17,310.9 ล้านบาท  oe Ca  ๑"
51,45,"2,114.4",1,ล้านบาท,2.1144,,"มั่นคง  2,114.4 ล้านบาท  โครงการท"
51,45,"25,000",0,จำนวน (นับ),,,"จํานวน 25,000 อัตรา โดยเปิดรับส"
52,46,"698,046.9",1,ล้านบาท,698.0469,,"านสังคม 698,046.9 ล้านบาท  ๑ เรียนฟ"
53,47,"250,000",0,จำนวน (นับ),,,"้อยกว่า 250,000 คน รองรับการเรียน"
53,47,"50,000",0,จำนวน (นับ),,,"อยกว่า 250,000 คน รองรับการเรียน"
53,47,"5,500",0,จำนวน (นับ),,,"้อยกว่า 5,500 คน สําหรับผู้ที่ต"
53,47,"607,655",0,ไม่ทราบหน่วย,,,
53,47,"214,931.7",1,ล้านบาท,214.9317,,"พนโนโตน 214,931.7 ล้านบาท  เพัฒนาแพ"
54,48,"1,448",0,จำนวน (นับ),,,"้อยกว่า 1,448 คน ได้รับการพัฒนา"
54,48,"125,785",0,จำนวน (นับ),,,"้อยกว่า 125,785 คน ควบคู่กับการปร"
54,48,"4,600",0,จำนวน (นับ),,,"อยกคว่า 4,600 คน ได้รับการพัฒนา"
54,48,"3,120",0,จำนวน (นับ),,,"้อยกว่า 3,120 คน เพื่อสร้างกําล"
54,48,4.0,1,ไม่ทราบหน่วย,,,hailand 4.0 และนโยบายปฏิรูปกา
54,48,"20,000",0,จำนวน (นับ),,,"้อยกว่า 20,000 คน ได้รับการฝึกอบ"
55,49,1.45,2,จำนวน (ล้านหน่วย),,,้อยคว่า 1.45 ล้านคน ได้รับทุนก
55,49,5.94,2,จำนวน (ล้านหน่วย),,,สพชซู. 5.94 ล้านคน และนักศึกษ
55,49,"488,815",0,จำนวน (นับ),,,"ักศึกษา 488,815 คน ได้รับการส่งเส"
56,50,"16,681",0,จำนวน (นับ),,,"้อยกว่า 16,681 คน  บุคลากรทางการ"
56,50,"30,406",0,จำนวน (นับ),,,"|  30,406 คน  +  ๑ บุคคลทีม"
56,50,"16,020",0,จำนวน (นับ),,,"้อยกว่า 16,020 คน  Ss      พยาบา"
56,50,"4,175.99",2,บาท (ต่อหน่วย),,,"หัว จาก 4,175.99 บาท/ราย เป็น 4,66"
56,50,"4,669.74",2,บาท (ต่อหน่วย),,,"าย เป็น 4,669.74 บาท/ราย  ๑ คัดกรอ"
56,50,47.17,2,จำนวน (ล้านหน่วย),,,้อยกว่า 47.17 ล้านคน  DA  ของเต
56,50,"459,737",0,จำนวน (นับ),,,"้อยกว่า 459,737 คน ได้รับ      :"
56,50,"3,221.87",2,บาท (ต่อหน่วย),,,"ยรายหัว 3,221.87 บาทต่อคน เพื่อใช้"
56,50,"478,174.8",1,ล้านบาท,478.1748,,"รไลหน 478,174.8 ล้านบาท  ปรับปรุง"
56,50,"3,427,600",0,ไม่ทราบหน่วย,,,
57,51,"5,168",0,จำนวน (นับ),,,"รพ.สต.) 5,168 แห่ง เพื่อให้บริก"
57,51,1.08,2,จำนวน (นับ),,,พื้นที่ 1.08 ลํานราย  6ซั   ๑
57,51,"7,256",0,จำนวน (นับ),,,"(อสพ.) 7,256 คน เพื่อดูแลผู้ป่"
57,51,22.88,2,จำนวน (ล้านหน่วย),,,้อยกว่า 22.88 ล้านคน คุ้มครองสิ
58,52,"4,940.4",1,ล้านบาท,4.9404,,"ู้อื่น  4,940.4 ล้านบาท  ๑ พัฒนาศ"
58,52,"21,350",0,จำนวน (นับ),,,"้อยกว่า 21,350 คน ได้รับการพัฒนา"
58,52,"303,490",0,ล้านบาท,30.3490,,"ในชุมชน 303,490 au ได้รับการส่งเส"
58,52,"9,000",0,ไม่ทราบหน่วย,,,"ู่อาศัย 9,000 Kav ให้ผู้สูงอายุ"
58,52,"52,827",0,จำนวน (นับ),,,"ได้น้อย 52,827 คน ให้สามารถดํารง"
58,52,"156,000",0,จำนวน (นับ),,,"้ปกครอง 156,000 คน ได้รับการส่งเส"
58,52,1.8,1,จำนวน (ล้านหน่วย),,,้สูงอายุ1.8 ล้านราย ได้รับการ
59,53,"170,390.6",1,ไม่ทราบหน่วย,,,
60,54,"240,901",0,จำนวน (นับ),,,"ประชาชน 240,901 ครัวเรือน และ พื้"
60,54,"307,160",0,ไม่ทราบหน่วย,,,"พื้นที่ 307,160 Is ได้รับการป้องก"
60,54,"230,941",0,ไม่ทราบหน่วย,,,"ลิ่งรวม 230,941 เมตร เพื่อลดความเ"
60,54,"120,000",0,จำนวน (นับ),,,"ประชาชน 120,000 ครัวเรือน เพื่อลด"
60,54,"2,275",0,ไม่ทราบหน่วย,,,"ด้านน้า 2,275 สถานี เพื่อแจ้งเต"
60,54,"23,500",0,ไม่ทราบหน่วย,,,"่อมโทรม 23,500 Is เพื่อคืนความสม"
60,54,"33,444",0,จำนวน (นับ),,,"่ลาดชัน 33,444 ไร่ เฟื่อรักษาดิน"
60,54,"1,010",0,จำนวน (นับ),,,"มลพิษ 1,010 แห่ง เพื่อลด และร"
60,54,"148,929",0,จำนวน (นับ),,,"คลนน้้า 148,929 ครัวเรือน เข้าถึง"
60,54,9.44,2,ไม่ทราบหน่วย,,,บประปา  9.44 ล้านลูกบาศก์เมตร
60,54,"140,493",0,ล้านบาท,14.0493,,"DP/GPP) 140,493 ล้านบาท  ขยายระบบ"
60,54,"77,889",0,จำนวน (นับ),,,"ประชาชน 77,889 ครัวเรือน มีน้าใช"
60,54,"277,698",0,ไม่ทราบหน่วย,,,"ลประทาน 277,698 Is  เสริมความมั่น"
60,54,"1,620",0,ไม่ทราบหน่วย,,,"มากขึ้น 1,620 ล้านลูกบาศก์เมตร"
60,54,"115,694.0",1,ไม่ทราบหน่วย,,,
61,55,"1,000",0,บาท (ต่อหน่วย),,,"ไม่เกิน 1,000 บาท         ๑ เงิ"
61,55,"88,600",0,บาท (ต่อหน่วย),,,"ไม่เกิน 88,600 บาท        ไม่เกิ"
61,55,"2,400",0,บาท (ต่อหน่วย),,,"กินคนละ 2,400 บาท ผู้ประสบภัย ต"
61,55,"4,800",0,ล้านบาท,0.4800,,"4,800.0 ล้านบาท  ช่วยเห"
61,55,"88,600",0,บาท (ต่อหน่วย),,,"ไม่เกิน 88,600 บาท        ไม่เกิ"
61,55,"88,600",0,บาท (ต่อหน่วย),,,"ไม่เกิน 88,600 บาท        ไม่เกิ"
61,55,"88,600",0,บาท (ต่อหน่วย),,,"ไม่เกิน 88,600 บาท        ไม่เกิ"
61,55,"4,800.0",1,ล้านบาท,4.8000,,"4,800.0 ล้านบาท  ช่วยเหลื"
62,56,"110,000",0,จำนวน (นับ),,,"เกษตรกร 110,000 ราย ให้มีความรู้แ"
62,56,"135,230",0,ไม่ทราบหน่วย,,,"gri-Map 135,230 Ts เพื่อเพิ่ม ผลผ"
62,56,"200,000",0,ไม่ทราบหน่วย,,,"ดการเผา 200,000 Ts เพื่อลดฝุ่นละอ"
62,56,2.5,1,ไม่ทราบหน่วย,,,ละออง PM2.5 ลดการปล่อยก๊าซเรื
62,56,"100,000",0,ไม่ทราบหน่วย,,,"์บอนต่า 100,000 Ts เพื่อยกระดับคุ"
62,56,"5,600",0,ไม่ทราบหน่วย,,,"ะกอบการ 5,600 แตห่ง ให้ดําเนินธ"
62,56,"10,600",0,ไม่ทราบหน่วย,,,"ะกอบการ 10,600 sig ให้ประยุกต์ใช"
62,56,21.0685,4,ไม่ทราบหน่วย,,,ลือกได้ 21.0685 KTOE (พันต้น เทีย
62,56,6.49,2,ล้านบาท,0.0649,,ยได้รวม 6.49 ล้านบาท และเพิ่มโ
62,56,"44,492.1",1,ล้านบาท,44.4921,,"44,492.1 ล้านบาท  พัฒนายกร"
63,57,"47,600",0,ไม่ทราบหน่วย,,,"ต์ไฟฟ้า 47,600 Au เพื่อลดมลพิษทา"
63,57,"2,320",0,ไม่ทราบหน่วย,,,"านสะอาด 2,320 ค้น เพื่อให้ประชา"
63,57,"75,000",0,จำนวน (นับ),,,"รถไฟฟ้า 75,000 คนต่อวัน ช่วยให้ก"
63,57,2.5,1,จำนวน (ล้านหน่วย),,,าชนกว่า 2.5 ล้านคน มีความรู้แ
63,57,"3,190",0,จำนวน (นับ),,,"ัณฑ์ไทย 3,190 รายการ ให้ได้รับฉ"
63,57,1.5,1,ไม่ทราบหน่วย,,,เสียได้ 1.5 ล้านลิตรต่อวัน
64,58,27.38,2,จำนวน (ล้านหน่วย),,,่ยงกว่า 27.38 ล้านไร่ พร้อมจัดต
64,58,"3,895",0,จำนวน (นับ),,,"้าระวัง 3,895 จุด เพื่อลดผลกระท"
64,58,73.85,2,จำนวน (ล้านหน่วย),,,นุรักษ์ 73.85 ล้านไร่ และป่าสงว
64,58,"25,394",0,จำนวน (นับ),,,"ตว์ป่า  25,394 ad จัดตั้งชุดเฝ้า"
64,58,"4,000",0,จำนวน (นับ),,,"หมันลิง 4,000 ตัว เพื่อรักษาควา"
64,58,1.74,2,จำนวน (ล้านหน่วย),,,้อยกว่า 1.74 ล้านไร่ และคําหนด
64,58,"3,230",0,จำนวน (นับ),,,"ีวิตของ 3,230 ชุมชน"
65,59,"3,151",0,ไม่ทราบหน่วย,,,"ชายฝั่ง 3,151 ภิโลเมตร  เพื่อรั"
65,59,1.40,2,ไม่ทราบหน่วย,,,อันตราย 1.40 ล้านต้นต่อปี  และ
65,59,"200,000",0,ไม่ทราบหน่วย,,,"ารเกษตร 200,000 แปลง ช่วยเกษตรกร"
65,59,"42,000",0,จำนวน (นับ),,,"เกษตรกร 42,000 ราย เข้าถึงสิทธิใ"
65,59,"17,250",0,ไม่ทราบหน่วย,,,"ู่อาศัย 17,250 แปลง  อนุรักษ์ทรั"
65,59,"500,000",0,จำนวน (นับ),,,"้ ชุมชน 500,000 ไร่ พร้อมส่งเสริม"
65,59,"5,404.5",1,ไม่ทราบหน่วย,,,
66,60,"35,411.9",1,ล้านบาท,35.4119,,"กฎหมาย  35,411.9 ล้านบาท  ราชการทั"
67,61,13.65,2,จำนวน (ล้านหน่วย),,,้บริการ 13.65 ล้านราย  พัฒนาโคร
67,61,"1,250",0,จำนวน (นับ),,,"้อยกว่า 1,250 หน่วยงาน  พัฒนาแพ"
67,61,"25,537.2",1,ไม่ทราบหน่วย,,,
67,61,4.0,1,ไม่ทราบหน่วย,,,สาหกรรม 4.0 ตลอดจนพัฒนา  ระบบ
68,62,"611,220",0,ล้านบาท,61.1220,,"้อยกว่า 611,220 au.  จากสินค้าและ"
68,62,"2,517,700",0,ล้านบาท,251.7700,,"้อยกว่า 2,517,700 au. อากภาษีรายได้"
68,62,"7,732.0",1,ไม่ทราบหน่วย,,,
68,62,"116,600",0,ล้านบาท,11.6600,,"้อยกว่า 116,600 ลบ. จากการนําเข้า"
68,62,"41,170",0,ไม่ทราบหน่วย,,,"ศุลภากร 41,170 sig  และถําเนินคด"
69,63,"1,247.0",1,ไม่ทราบหน่วย,,,
69,63,"3,000",0,ล้านบาท,0.3000,,"้อยกว่า 3,000 ล้านบาท"
70,64,895.7,1,ไม่ทราบหน่วย,,,
70,64,"23,497",0,ไม่ทราบหน่วย,,,"ะหนีสิน 23,497 บัญชี  > g   | เพ"
70,64,"4,228",0,ไม่ทราบหน่วย,,,"้ไต่สวน 4,228 เรื่อง  ดําเนินกา"
70,64,"4,228",0,ไม่ทราบหน่วย,,,"้ไต่สวน 4,228 เรื่อง  ดําเนินกา"
70,64,"6,592",0,จำนวน (นับ),,,"ัด oun. 6,592 แห่ง และปลูกฝังค่"
